{
  "prob_th": 0.55,
  "smooth": 1,
  "min_dur_ms": 3000,
  "gap_ms": 2560,
  "margin": 0.0,
  "seg_score_th": 0.2,
  "hyst_delta": 0.1,
  "exit_floor": 0.3,
  "temp": 2.2,
  "class_enter": {
    "乒乓球": 0.6,
    "羽毛球": 0.4,
    "跑步": 0.35,
    "跳绳": 0.55,
    "飞鸟": 0.25
  },
  "class_min_dur_ms": {
    "乒乓球": 6000,
    "羽毛球": 8000,
    "跑步": 6000,
    "跳绳": 4000,
    "飞鸟": 8000
  },
  "class_seg_score_th": {
    "乒乓球": 0.2,
    "羽毛球": 0.6,
    "跑步": 0.75,
    "跳绳": 0.75,
    "飞鸟": 0.75
  },
  "macro_f1": 0.813628273582507,
  "per_category": {
    "乒乓球": {
      "tp": 7,
      "fp": 6,
      "fn": 1,
      "precision": 0.5384615384615384,
      "recall": 0.875,
      "f1": 0.6666666666666667
    },
    "羽毛球": {
      "tp": 20,
      "fp": 6,
      "fn": 0,
      "precision": 0.7692307692307693,
      "recall": 1.0,
      "f1": 0.8695652173913044
    },
    "跑步": {
      "tp": 8,
      "fp": 1,
      "fn": 1,
      "precision": 0.8888888888888888,
      "recall": 0.8888888888888888,
      "f1": 0.8888888888888888
    },
    "跳绳": {
      "tp": 9,
      "fp": 1,
      "fn": 0,
      "precision": 0.9,
      "recall": 1.0,
      "f1": 0.9473684210526316
    },
    "飞鸟": {
      "tp": 8,
      "fp": 6,
      "fn": 1,
      "precision": 0.5714285714285714,
      "recall": 0.8888888888888888,
      "f1": 0.6956521739130435
    }
  }
}